<application>
  <component name="FileTypeManager" version="18">
    <extensionMap>
      <mapping pattern=".env.example" type="PLAIN_TEXT" />
      <mapping pattern=".env" type="PLAIN_TEXT" />
      <mapping pattern="Procfile" type="PLAIN_TEXT" />
      <mapping pattern="apple-app-site-association" type="PLAIN_TEXT" />
      <mapping pattern=".browserslistrc" type="PLAIN_TEXT" />
      <mapping ext="well-known/apple-app-site-association" type="PLAIN_TEXT" />
      <removed_mapping ext="gql" approved="true" type="PLAIN_TEXT" />
    </extensionMap>
  </component>
</application>