<application>
  <component name="GroupManager">
    <option name="showTutorialsOnWelcomeFrame" value="true" />
    <expandedByName>
      <entry name="Tutorials" expanded="true" />
      <entry name="Projects" expanded="true" />
    </expandedByName>
  </component>
  <component name="LangManager">
    <option name="languageName" value="JavaScript" />
    <option name="languageToProjectMap">
      <map>
        <entry key="JavaScript" value="$USER_HOME$/WebstormProjects/LearnJavaScriptProject" />
      </map>
    </option>
  </component>
  <component name="LessonStateBase">
    <option name="map">
      <map>
        <entry key="before debugging: run/debug configurations" value="PASSED" />
        <entry key="code editing tips and tricks" value="PASSED" />
        <entry key="debugging code. part i" value="PASSED" />
        <entry key="debugging code. part ii" value="PASSED" />
        <entry key="fundamentals of testing in webstorm" value="PASSED" />
        <entry key="refactorings in a nutshell" value="PASSED" />
        <entry key="secrets of efficient navigation" value="PASSED" />
        <entry key="the nuts and bolts of code completion" value="PASSED" />
        <entry key="the power of code inspections" value="PASSED" />
      </map>
    </option>
  </component>
</application>