<application>
  <component name="ProjectManager">
    <defaultProject>
      <component name="EslintConfiguration">
        <option name="fix-on-save" value="true" />
      </component>
      <component name="ProjectViewState">
        <option name="hideEmptyMiddlePackages" value="true" />
        <option name="showLibraryContents" value="true" />
      </component>
      <component name="PropertiesComponent">
        <property name="node.js.path.for.package.eslint" value="project" />
        <property name="node.js.path.for.package.standard" value="project" />
        <property name="node.js.selected.package.eslint" value="(autodetect)" />
        <property name="node.js.selected.package.standard" value="" />
        <property name="prettierjs.PrettierConfiguration.Package" value="/usr/local/lib/node_modules/prettier" />
        <property name="settings.editor.selected.configurable" value="settings.javascript.linters.eslint" />
      </component>
    </defaultProject>
  </component>
</application>