<keymap version="1" name="macOS copy" parent="Mac OS X 10.5+">
  <action id="ActivateTerminalToolWindow">
    <keyboard-shortcut first-keystroke="alt f12" />
    <keyboard-shortcut first-keystroke="meta escape" />
  </action>
  <action id="CloseProject">
    <keyboard-shortcut first-keystroke="ctrl w" />
  </action>
  <action id="FindNext" />
  <action id="Generate">
    <keyboard-shortcut first-keystroke="meta n" />
    <keyboard-shortcut first-keystroke="ctrl enter" />
    <keyboard-shortcut first-keystroke="meta g" />
  </action>
  <action id="Git.Commit.And.Push.Executor" />
  <action id="GotoTest" />
  <action id="Hg.Commit.And.Push.Executor" />
  <action id="MethodDown" />
  <action id="MethodUp">
    <keyboard-shortcut first-keystroke="meta alt k" />
  </action>
  <action id="ReopenClosedTab">
    <keyboard-shortcut first-keystroke="shift meta t" />
  </action>
  <action id="ServiceView.ShowServices" />
</keymap>